ma_BC,ten_Buu_cuc,ma_BDX,ten_BDX,ten_Cum
4724_V,4724_VP - Văn phòng Bưu điện Anh Sơn,4724,BCVH Anh Sơn,Anh Sơn
472413,472413 - VP BĐH Anh Sơn,4724,BCVH Anh Sơn,Anh Sơn
472415,472415 - KHL Anh Sơn,4724,BCVH Anh Sơn,Anh Sơn
472460,472460 - BCP Anh Sơn,4724,BCVH Anh Sơn,Anh Sơn
472400,472400 - Anh Sơn,4670,Bưu điện xã Anh Sơn,Anh Sơn
472420,472420 - Thạch Sơn,4670,Bưu điện xã Anh Sơn,Anh Sơn
472600,472600 - Đức Sơn,4670,Bưu điện xã Anh Sơn,Anh Sơn
472850,472850 - Phúc Sơn,4670,Bưu điện xã Anh Sơn,Anh Sơn
472540,472540 - Lạng Sơn,4673,Bưu điện xã Anh Sơn Đông,Anh Sơn
472560,472560 - Tào Sơn,4673,Bưu điện xã Anh Sơn Đông,Anh Sơn
472580,472580 - Vĩnh Sơn,4673,Bưu điện xã Anh Sơn Đông,Anh Sơn
472680,472680 - Hùng Sơn,4672,Bưu điện xã Nhân Hòa,Anh Sơn
472750,472750 - Cẩm Sơn,4672,Bưu điện xã Nhân Hòa,Anh Sơn
472770,472770 - Cây Chanh,4672,Bưu điện xã Nhân Hòa,Anh Sơn
472771,472771 - Đỉnh Sơn,4672,Bưu điện xã Nhân Hòa,Anh Sơn
472800,472800 - Tam Sơn,4672,Bưu điện xã Nhân Hòa,Anh Sơn
472630,472630 - Bình Sơn,4675,Bưu điện xã Thành Bình Thọ,Anh Sơn
472660,472660 - Thọ Sơn,4675,Bưu điện xã Thành Bình Thọ,Anh Sơn
472700,472700 - Thành Sơn,4675,Bưu điện xã Thành Bình Thọ,Anh Sơn
472401,472401 - Hội Sơn,4741,Bưu điện xã Vĩnh Tường,Anh Sơn
472720,472720 - Chợ Dừa,4741,Bưu điện xã Vĩnh Tường,Anh Sơn
472721,472721 - Tường Sơn,4741,Bưu điện xã Vĩnh Tường,Anh Sơn
472820,472820 - Hoa Sơn,4741,Bưu điện xã Vĩnh Tường,Anh Sơn
472440,472440 - Long Sơn,4671,Bưu điện xã Yên Xuân,Anh Sơn
472470,472470 - Cao Sơn,4671,Bưu điện xã Yên Xuân,Anh Sơn
472490,472490 - Lĩnh Sơn,4671,Bưu điện xã Yên Xuân,Anh Sơn
472491,472491 - Lĩnh Sơn,4671,Bưu điện xã Yên Xuân,Anh Sơn
472520,472520 - Khai Sơn,4671,Bưu điện xã Yên Xuân,Anh Sơn
473010,473010 - KT Con Cuông,4730,BCVH Con Cuông,Con Cuông
473011,473011 - VP BĐH Con Cuông,4730,BCVH Con Cuông,Con Cuông
4730_V,4730_VP - Văn phòng Bưu điện Con Cuông,4676,Bưu điện xã Con Cuông,Con Cuông
473000,473000 - Con Cuông,4676,Bưu điện xã Con Cuông,Con Cuông
473020,473020 - Mậu Đức,4676,Bưu điện xã Con Cuông,Con Cuông
473080,473080 - Bồng Khê,4676,Bưu điện xã Con Cuông,Con Cuông
473140,473140 - Chi Khê,4676,Bưu điện xã Con Cuông,Con Cuông
473200,473200 - Lục Dạ,4676,Bưu điện xã Con Cuông,Con Cuông
473220,473220 - Môn Sơn,4676,Bưu điện xã Con Cuông,Con Cuông
473040,473040 - Thạch Ngàn,4676,Bưu điện xã Con Cuông,Con Cuông
473160,473160 - Yên Khê,4676,Bưu điện xã Con Cuông,Con Cuông
473110,473110 - Cam Lâm,4680,Bưu điện xã Châu Khê,Con Cuông
473120,473120 - Lạng Khê,4680,Bưu điện xã Châu Khê,Con Cuông
473180,473180 - Khe Choăng,4680,Bưu điện xã Châu Khê,Con Cuông
473068,473068 - Bình Chuẩn,4680,Bưu điện xã Châu Khê,Con Cuông
473100,473100 - Đôn Phục,4680,Bưu điện xã Châu Khê,Con Cuông
473030,BCP Con Cuông,4730,BCVH Con Cuông,Con Cuông
4638_V,4638_VP - Văn phòng Bưu điện Diễn Châu,4638,BCVH Diễn Châu,Diễn Châu
463930,463930 - BCP Diễn Châu,4638,BCVH Diễn Châu,Diễn Châu
463950,463950 - KHL Diễn Châu,4638,BCVH Diễn Châu,Diễn Châu
464420,464420 - Diễn Tân,4654,Bưu điện xã An Châu,Diễn Châu
464570,464570 - Diễn An,4654,Bưu điện xã An Châu,Diễn Châu
464571,464571 - Đền Công,4654,Bưu điện xã An Châu,Diễn Châu
464620,464620 - Diễn Thịnh,4654,Bưu điện xã An Châu,Diễn Châu
464660,464660 - Diễn Trung,4654,Bưu điện xã An Châu,Diễn Châu
463800,463800 - Diễn Châu,4600,Bưu điện xã Diễn Châu,Diễn Châu
463890,463890 - Diễn Ngọc,4600,Bưu điện xã Diễn Châu,Diễn Châu
463918,463918 - Diễn Bích,4600,Bưu điện xã Diễn Châu,Diễn Châu
464120,464120 - Diễn Hoa,4600,Bưu điện xã Diễn Châu,Diễn Châu
464360,464360 - Diễn Phúc,4600,Bưu điện xã Diễn Châu,Diễn Châu
464600,464600 - Diễn Thành,4600,Bưu điện xã Diễn Châu,Diễn Châu
463920,463920 - Diễn Vạn,4650,Bưu điện xã Đức Châu,Diễn Châu
463940,463940 - Diễn Phong,4650,Bưu điện xã Đức Châu,Diễn Châu
464140,464140 - Cầu Bùng,4650,Bưu điện xã Đức Châu,Diễn Châu
464160,464160 - Chợ Dàn,4650,Bưu điện xã Đức Châu,Diễn Châu
464161,464161 - Diễn Hồng,4650,Bưu điện xã Đức Châu,Diễn Châu
463810,463810 - Diễn Kim,4652,Bưu điện xã Hải Châu,Diễn Châu
463820,463820 - Diễn Hải,4652,Bưu điện xã Hải Châu,Diễn Châu
463840,463840 - Diễn Hùng,4652,Bưu điện xã Hải Châu,Diễn Châu
463860,463860 - Diễn Hoàng,4652,Bưu điện xã Hải Châu,Diễn Châu
463960,463960 - Diễn Mỹ,4652,Bưu điện xã Hải Châu,Diễn Châu
463990,463990 - Yên Lý,4655,Bưu điện xã Hùng Châu,Diễn Châu
463991,463991 - Diễn Yên,4655,Bưu điện xã Hùng Châu,Diễn Châu
464020,464020 - Diễn Trường,4655,Bưu điện xã Hùng Châu,Diễn Châu
464050,464050 - Diễn Đoài,4655,Bưu điện xã Hùng Châu,Diễn Châu
464080,464080 - Chợ Tảo,4655,Bưu điện xã Hùng Châu,Diễn Châu
464081,464081 - Diễn Lâm,4655,Bưu điện xã Hùng Châu,Diễn Châu
464180,464180 - Diễn Hạnh,4601,Bưu điện xã Minh Châu,Diễn Châu
464290,464290 - Diễn Quảng,4601,Bưu điện xã Minh Châu,Diễn Châu
464300,464300 - Diễn Nguyên,4601,Bưu điện xã Minh Châu,Diễn Châu
464320,464320 - Diễn Bình,4601,Bưu điện xã Minh Châu,Diễn Châu
464340,464340 - Diễn Minh,4601,Bưu điện xã Minh Châu,Diễn Châu
464380,464380 - Diễn Cát,4601,Bưu điện xã Minh Châu,Diễn Châu
464400,464400 - Bình Thắng,4601,Bưu điện xã Minh Châu,Diễn Châu
464408,464408 - Diễn thắng,4601,Bưu điện xã Minh Châu,Diễn Châu
464200,464200 - Diễn Xuân,4651,Bưu điện xã Quảng Châu,Diễn Châu
464201,464201 - Diễn Xuân,4651,Bưu điện xã Quảng Châu,Diễn Châu
464220,464220 - Diễn Tháp,4651,Bưu điện xã Quảng Châu,Diễn Châu
464240,464240 - Diễn Liên,4651,Bưu điện xã Quảng Châu,Diễn Châu
464270,464270 - Diễn Thái,4651,Bưu điện xã Quảng Châu,Diễn Châu
464271,464271 - Diễn Đồng,4651,Bưu điện xã Quảng Châu,Diễn Châu
464440,464440 - Diễn Thọ,4653,Bưu điện xã Tân Châu,Diễn Châu
464480,464480 - Diễn Lợi,4653,Bưu điện xã Tân Châu,Diễn Châu
464500,464500 - Diễn Phú,4653,Bưu điện xã Tân Châu,Diễn Châu
464540,464540 - Diễn Lộc,4653,Bưu điện xã Tân Châu,Diễn Châu
471413,471413 - VP BĐH Đô Lương,4714,BCVH Đô Lương,Đô Lương
471415,471415 - BC KHL Đô Lương,4714,BCVH Đô Lương,Đô Lương
471490,471490 - BCP Đô Lương,4714,BCVH Đô Lương,Đô Lương
472010,472010 - Mỹ Sơn,4685,Bưu điện xã Bạch Hà,Đô Lương
472030,472030 - Trù Sơn,4685,Bưu điện xã Bạch Hà,Đô Lương
472031,472031 - Trù Sơn,4685,Bưu điện xã Bạch Hà,Đô Lương
472060,472060 - Hiến Sơn,4685,Bưu điện xã Bạch Hà,Đô Lương
472090,472090 - Đại Sơn,4685,Bưu điện xã Bạch Hà,Đô Lương
471610,471610 - Giang Sơn,4683,Bưu điện xã Bạch Ngọc,Đô Lương
471611,471611 - Giang Sơn,4683,Bưu điện xã Bạch Ngọc,Đô Lương
471700,471700 - Bồi Sơn,4683,Bưu điện xã Bạch Ngọc,Đô Lương
471730,471730 - Chợ Trung,4683,Bưu điện xã Bạch Ngọc,Đô Lương
471731,471731 - Lam Sơn,4683,Bưu điện xã Bạch Ngọc,Đô Lương
471760,471760 - Ngọc Sơn,4683,Bưu điện xã Bạch Ngọc,Đô Lương
472202,472202 - Giang Sơn Tây,4683,Bưu điện xã Bạch Ngọc,Đô Lương
471400,471400 - Đô Lương,4682,Bưu điện xã Đô Lương,Đô Lương
471401,471401 - Liên Sơn,4682,Bưu điện xã Đô Lương,Đô Lương
471430,471430 - Yên Sơn,4682,Bưu điện xã Đô Lương,Đô Lương
471450,471450 - Văn Sơn,4682,Bưu điện xã Đô Lương,Đô Lương
471470,471470 - Thịnh Sơn,4682,Bưu điện xã Đô Lương,Đô Lương
471660,471660 - Đặng Sơn,4682,Bưu điện xã Đô Lương,Đô Lương
471680,471680 - Bắc Sơn,4682,Bưu điện xã Đô Lương,Đô Lương
471780,471780 - Nam Sơn,4682,Bưu điện xã Đô Lương,Đô Lương
471781,471781 - VHX Nam Sơn,4682,Bưu điện xã Đô Lương,Đô Lương
471800,471800 - Lưu Sơn,4682,Bưu điện xã Đô Lương,Đô Lương
471821,471821 - Đà Sơn,4682,Bưu điện xã Đô Lương,Đô Lương
471520,471520 - Đông Sơn,4687,Bưu điện xã Lương Sơn,Đô Lương
471540,471540 - Bài Sơn,4687,Bưu điện xã Lương Sơn,Đô Lương
471561,471561 - Tràng Sơn,4687,Bưu điện xã Lương Sơn,Đô Lương
471590,471590 - Hồng Sơn,4687,Bưu điện xã Lương Sơn,Đô Lương
471820,471820 - Đà Sơn,4686,Bưu điện xã Thuần Trung,Đô Lương
471850,471850 - Trung Sơn,4686,Bưu điện xã Thuần Trung,Đô Lương
471870,471870 - Thuận Sơn,4686,Bưu điện xã Thuần Trung,Đô Lương
471871,471871 - Thuận Sơn,4686,Bưu điện xã Thuần Trung,Đô Lương
471890,471890 - Lạc Sơn,4686,Bưu điện xã Thuần Trung,Đô Lương
471910,471910 - Xuân Bài,4686,Bưu điện xã Thuần Trung,Đô Lương
471911,471911 - Xuân Sơn,4686,Bưu điện xã Thuần Trung,Đô Lương
471960,471960 - Mính Sơn,4686,Bưu điện xã Thuần Trung,Đô Lương
471990,471990 - Nhân Sơn,4686,Bưu điện xã Thuần Trung,Đô Lương
471500,471500 - Cầu Khuôn,4742,Bưu điện xã Văn Hiến,Đô Lương
471501,471501 - Hoà Sơn,4742,Bưu điện xã Văn Hiến,Đô Lương
471930,471930 - Tân Sơn,4742,Bưu điện xã Văn Hiến,Đô Lương
472110,472110 - Thái Sơn,4742,Bưu điện xã Văn Hiến,Đô Lương
472140,472140 - Quang Sơn,4742,Bưu điện xã Văn Hiến,Đô Lương
472150,472150 - Quang Sơn,4742,Bưu điện xã Văn Hiến,Đô Lương
472160,472160 - Thượng Sơn,4742,Bưu điện xã Văn Hiến,Đô Lương
4743_V,4743_VP - Văn phòng Bưu điện Hưng Nguyên,4743,BCVH Hưng Nguyên,Hưng Nguyên
474319,474319 - VP BĐG Hưng Nguyên,4743,BCVH Hưng Nguyên,Hưng Nguyên
474325,474325 - BC KHL Hưng Nguyên,4743,BCVH Hưng Nguyên,Hưng Nguyên
474510,474510 - BCP Hưng Nguyên,4743,BCVH Hưng Nguyên,Hưng Nguyên
474300,474300 - Hưng Nguyên,4688,Bưu điện xã Hưng Nguyên,Hưng Nguyên
474301,474301 - Hưng Thái,4688,Bưu điện xã Hưng Nguyên,Hưng Nguyên
474330,474330 - Hưng Tây,4688,Bưu điện xã Hưng Nguyên,Hưng Nguyên
474390,474390 - Hưng Đạo,4688,Bưu điện xã Hưng Nguyên,Hưng Nguyên
474630,474630 - Hưng Mỹ,4688,Bưu điện xã Hưng Nguyên,Hưng Nguyên
474670,474670 - Hưng Thịnh,4688,Bưu điện xã Hưng Nguyên,Hưng Nguyên
474440,474440 - Hưng Thông,4744,Bưu điện xã Hưng Nguyên Nam,Hưng Nguyên
474450,474450 - Hưng Xá,4744,Bưu điện xã Hưng Nguyên Nam,Hưng Nguyên
474460,474460 - Hưng Long,4744,Bưu điện xã Hưng Nguyên Nam,Hưng Nguyên
474480,474480 - Hưng Lĩnh,4744,Bưu điện xã Hưng Nguyên Nam,Hưng Nguyên
474500,474500 - Hưng Tân,4744,Bưu điện xã Hưng Nguyên Nam,Hưng Nguyên
474530,474530 - Hưng Xuân,4744,Bưu điện xã Hưng Nguyên Nam,Hưng Nguyên
474550,474550 - Hưng Lam,4744,Bưu điện xã Hưng Nguyên Nam,Hưng Nguyên
474520,474520 - Hưng Tiến,4691,Bưu điện xã Lam Thành,Hưng Nguyên
474570,474570 - Hưng Phú,4691,Bưu điện xã Lam Thành,Hưng Nguyên
474590,474590 - Hưng Thắng,4691,Bưu điện xã Lam Thành,Hưng Nguyên
474600,474600 - Hưng Châu,4691,Bưu điện xã Lam Thành,Hưng Nguyên
474610,474610 - Hưng Khánh,4691,Bưu điện xã Lam Thành,Hưng Nguyên
474620,474620 - Hưng Nhân,4691,Bưu điện xã Lam Thành,Hưng Nguyên
474640,474640 - Hưng Châu,4691,Bưu điện xã Lam Thành,Hưng Nguyên
474660,474660 - Hưng Lợi,4691,Bưu điện xã Lam Thành,Hưng Nguyên
474360,474360 - Hưng Yên Bắc,4689,Bưu điện xã Yên Trung,Hưng Nguyên
474375,474375 - Hưng Yên Nam,4689,Bưu điện xã Yên Trung,Hưng Nguyên
474380,474380 - Hưng Trung,4689,Bưu điện xã Yên Trung,Hưng Nguyên
474720,VSIP Nghệ An,4688,Bưu điện xã Hưng Nguyên,Hưng Nguyên
4738_V,4738_VP - Văn phòng Bưu điện Kỳ Sơn,4738,BCVH Kỳ Sơn,Kỳ Sơn
473811,473811 - VP BĐH Kỳ Sơn,4738,BCVH Kỳ Sơn,Kỳ Sơn
473840,473840 - Khe Nằn,4695,Bưu điện xã Chiêu Lưu,Kỳ Sơn
473820,473820 - Hữu Kiệm,4695,Bưu điện xã Chiêu Lưu,Kỳ Sơn
473841,473841 - Chưu Lưu,4695,Bưu điện xã Chiêu Lưu,Kỳ Sơn
473860,473860 - Hữu Lập,4695,Bưu điện xã Chiêu Lưu,Kỳ Sơn
473870,473870 - Bảo Nam,4695,Bưu điện xã Chiêu Lưu,Kỳ Sơn
473895,473895 - Bảo Thắng,4695,Bưu điện xã Chiêu Lưu,Kỳ Sơn
474138,474138 - Na Ngoi,4695,Bưu điện xã Chiêu Lưu,Kỳ Sơn
474155,474155 - Nậm Càn,4695,Bưu điện xã Chiêu Lưu,Kỳ Sơn
473961,473961 - Xã Huồi Tụ,4702,Bưu điện xã Huồi Tụ,Kỳ Sơn
473996,473996 - Na Loi,4702,Bưu điện xã Huồi Tụ,Kỳ Sơn
474026,474026 - Đọoc Mạy,4702,Bưu điện xã Huồi Tụ,Kỳ Sơn
474040,474040 - Keng đu,4702,Bưu điện xã Huồi Tụ,Kỳ Sơn
473800,473800 - Kỳ Sơn,4692,Bưu điện xã Mường Xén,Kỳ Sơn
473801,473801 - Mường Xén,4692,Bưu điện xã Mường Xén,Kỳ Sơn
473930,473930 - Phà Đánh,4692,Bưu điện xã Mường Xén,Kỳ Sơn
474060,474060 - Tà Cạ,4692,Bưu điện xã Mường Xén,Kỳ Sơn
474057,474057 - C­­ửa khẩu Nậm Cắn,4692,Bưu điện xã Mường Xén,Kỳ Sơn
474086,474086 - Tây Sơn,4692,Bưu điện xã Mường Xén,Kỳ Sơn
474099,474099 - Mường típ,4692,Bưu điện xã Mường Xén,Kỳ Sơn
474116,474116 - Mường Ải,4692,Bưu điện xã Mường Xén,Kỳ Sơn
474050,474050 - Nậm Cắn,4692,Bưu điện xã Mường Xén,Kỳ Sơn
473914,473914 - Mường Lống,4699,Bưu điện xã Mỹ Lý,Kỳ Sơn
473982,473982 - Mỹ Lý,4699,Bưu điện xã Mỹ Lý,Kỳ Sơn
474013,474013 - Bắc Lý,4699,Bưu điện xã Mỹ Lý,Kỳ Sơn
4749_V,4749_VP - Văn phòng Bưu điện Nam Đàn,4749,BCVH Nam Đàn,Nam Đàn
474912,474912 - BC KHL Nam Đàn,4749,BCVH Nam Đàn,Nam Đàn
474913,474913 - VP BĐH Nam Đàn,4749,BCVH Nam Đàn,Nam Đàn
475050,475050 - BCP Nam Đàn,4749,BCVH Nam Đàn,Nam Đàn
474940,474940 - Chợ Vạc,4706,Bưu điện xã Đại Huệ,Nam Đàn
474941,474941 - Nam Lĩnh,4706,Bưu điện xã Đại Huệ,Nam Đàn
474990,474990 - Nam Anh,4706,Bưu điện xã Đại Huệ,Nam Đàn
474991,474991 - VHX Nam Anh,4706,Bưu điện xã Đại Huệ,Nam Đàn
475010,475010 - Nam Xuân,4706,Bưu điện xã Đại Huệ,Nam Đàn
474970,474970 - Nam Giang,4708,Bưu điện xã Kim Liên,Nam Đàn
475360,475360 - Hùng Tiến,4708,Bưu điện xã Kim Liên,Nam Đàn
475390,475390 - Hồng Long,4708,Bưu điện xã Kim Liên,Nam Đàn
475410,475410 - Xuân Lâm,4708,Bưu điện xã Kim Liên,Nam Đàn
475450,475450 - Nam Cát,4708,Bưu điện xã Kim Liên,Nam Đàn
475470,475470 - Kim Liên,4708,Bưu điện xã Kim Liên,Nam Đàn
475471,475471 - Kim Liên,4708,Bưu điện xã Kim Liên,Nam Đàn
475060,475060 - Nam Thanh,4705,Bưu điện xã Nam Đàn,Nam Đàn
475090,475090 - Nam Thái,4705,Bưu điện xã Nam Đàn,Nam Đàn
475110,475110 - Nam Nghĩa,4705,Bưu điện xã Nam Đàn,Nam Đàn
475111,475111 - Nam Nghĩa,4705,Bưu điện xã Nam Đàn,Nam Đàn
475130,475130 - Nam Hưng,4705,Bưu điện xã Nam Đàn,Nam Đàn
475200,475200 - Khánh Sơn,4707,Bưu điện xã Thiên Nhẫn,Nam Đàn
475250,475250 - Nam Phúc,4707,Bưu điện xã Thiên Nhẫn,Nam Đàn
475270,475270 - Chín Nam,4707,Bưu điện xã Thiên Nhẫn,Nam Đàn
475271,475271 - Nam Trung,4707,Bưu điện xã Thiên Nhẫn,Nam Đàn
475300,475300 - Nam Kim,4707,Bưu điện xã Thiên Nhẫn,Nam Đàn
475340,475340 - Nam Cường,4707,Bưu điện xã Thiên Nhẫn,Nam Đàn
474900,474900 - Nam Đàn,4704,Bưu điện xã Vạn An,Nam Đàn
474920,474920 - Xuân Hòa,4704,Bưu điện xã Vạn An,Nam Đàn
475150,475150 - Nam Tân,4704,Bưu điện xã Vạn An,Nam Đàn
475170,475170 - Nam Thượng,4704,Bưu điện xã Vạn An,Nam Đàn
475180,475180 - Nam Lộc,4704,Bưu điện xã Vạn An,Nam Đàn
4626_V,4626_VP - Văn phòng Bưu điện Nghi Lộc,4626,BCVH Nghi Lộc,Nghi Lộc
463311,463311 - Kho BCVH Nghi Lộc,4626,BCVH Nghi Lộc,Nghi Lộc
462830,462830 - BCP Nghi Lộc,4626,BCVH Nghi Lộc,Nghi Lộc
463310,463310 - BC KHL Nghi Lộc,4626,BCVH Nghi Lộc,Nghi Lộc
462650,462650 - Nghi Trường,4734,Bưu điện xã Đông Lộc,Nghi Lộc
462681,462681 - Nghi Thạch,4734,Bưu điện xã Đông Lộc,Nghi Lộc
462710,462710 - Nghi Thịnh,4734,Bưu điện xã Đông Lộc,Nghi Lộc
462740,462740 - Nghi Khánh,4734,Bưu điện xã Đông Lộc,Nghi Lộc
462790,462790 - Nghi Hợp,4734,Bưu điện xã Đông Lộc,Nghi Lộc
462860,462860 - Nghi Thiết,4614,Bưu điện xã Hải Lộc,Nghi Lộc
462880,462880 - Nghi Tiến,4614,Bưu điện xã Hải Lộc,Nghi Lộc
462910,462910 - Nghi Yên,4614,Bưu điện xã Hải Lộc,Nghi Lộc
462600,462600 - Nghi Lộc,4731,Bưu điện xã Nghi Lộc,Nghi Lộc
462610,462610 - Nghi Trung,4731,Bưu điện xã Nghi Lộc,Nghi Lộc
462911,462911 - Nam Cấm,4731,Bưu điện xã Nghi Lộc,Nghi Lộc
463090,463090 - Nghi Hoa,4731,Bưu điện xã Nghi Lộc,Nghi Lộc
463240,463240 - Nghi Diên,4731,Bưu điện xã Nghi Lộc,Nghi Lộc
463270,463270 - Nghi Vạn,4731,Bưu điện xã Nghi Lộc,Nghi Lộc
463120,463120 - Nghi Mỹ,4732,Bưu điện xã Phúc Lộc,Nghi Lộc
463140,463140 - Nghi Lâm,4732,Bưu điện xã Phúc Lộc,Nghi Lộc
463217,463217 - Nghi Công Bắc,4732,Bưu điện xã Phúc Lộc,Nghi Lộc
463220,463220 - Nghi Công Nam,4732,Bưu điện xã Phúc Lộc,Nghi Lộc
462970,462970 - Nghi Hưng,4613,Bưu điện xã Thần Lĩnh,Nghi Lộc
463000,463000 - Nghi Đồng,4613,Bưu điện xã Thần Lĩnh,Nghi Lộc
463020,463020 - Nghi Phương,4613,Bưu điện xã Thần Lĩnh,Nghi Lộc
462770,462770 - Nghi Xá,4612,Bưu điện xã Trung Lộc,Nghi Lộc
462810,462810 - Nghi Long,4612,Bưu điện xã Trung Lộc,Nghi Lộc
462840,462840 - Nghi Quang,4612,Bưu điện xã Trung Lộc,Nghi Lộc
462940,462940 - Nghi Thuận,4612,Bưu điện xã Trung Lộc,Nghi Lộc
463050,463050 - Nghi Văn,4615,Bưu điện xã Văn Kiều,Nghi Lộc
463170,463170 - Nghi Kiều,4615,Bưu điện xã Văn Kiều,Nghi Lộc
471111,471111 - Kho BCVH Quế Phong,4711,BCVH Quế Phong,Quế Phong
471250,471250 - BCP Quế Phong,4711,BCVH Quế Phong,Quế Phong
471210,471210 - Châu Thôn,4712,Bưu điện xã Mường Quàng,Quế Phong
471246,471246 - Tri Lễ,4712,Bưu điện xã Mường Quàng,Quế Phong
471266,471266 - VHX Nậm Nhóong,4712,Bưu điện xã Mường Quàng,Quế Phong
471293,471293 - Quang Phong,4712,Bưu điện xã Mường Quàng,Quế Phong
471342,471342 - Cắm muộn,4712,Bưu điện xã Mường Quàng,Quế Phong
471100,471100 - Quế Phong,4709,Bưu điện xã Quế Phong,Quế Phong
471186,471186 - VHX Nậm Giải,4709,Bưu điện xã Quế Phong,Quế Phong
471190,471190 - Châu Kim,4709,Bưu điện xã Quế Phong,Quế Phong
471300,471300 - Mường Nọc,4709,Bưu điện xã Quế Phong,Quế Phong
471360,471360 - Quế Sơn,4709,Bưu điện xã Quế Phong,Quế Phong
473449,473449 - Hữu Khuông,4709,Bưu điện xã Quế Phong,Quế Phong
473492,473492 - Nhôn Mai,4709,Bưu điện xã Quế Phong,Quế Phong
473509,473509 - Mai Sơn,4709,Bưu điện xã Quế Phong,Quế Phong
471148,471148 - Đồng Văn,4710,Bưu điện xã Tiền Phong,Quế Phong
471176,471176 - Hạnh Dịch,4710,Bưu điện xã Tiền Phong,Quế Phong
471320,471320 - Phú Phương,4710,Bưu điện xã Tiền Phong,Quế Phong
471332,471332 - Thông Thụ,4710,Bưu điện xã Tiền Phong,Quế Phong
4697_V,4697_VP - Văn phòng Bưu điện Quỳ Châu,4697,BCVH Quỳ Châu,Quỳ Châu
469706,469706 - BC KHL QUỲ CHÂU,4697,BCVH Quỳ Châu,Quỳ Châu
469705,VP BĐH,4697,BCVH Quỳ Châu,Quỳ Châu
469780,469780 - Châu Thuận,4641,Bưu điện xã Châu Tiến,Quỳ Châu
469800,469800 - Châu Bính,4641,Bưu điện xã Châu Tiến,Quỳ Châu
469820,469820 - Tạ Chum,4641,Bưu điện xã Châu Tiến,Quỳ Châu
469821,469821 - Châu Tiến,4641,Bưu điện xã Châu Tiến,Quỳ Châu
469840,469840 - Châu Thắng,4641,Bưu điện xã Châu Tiến,Quỳ Châu
469860,469860 - Châu Phong,4641,Bưu điện xã Châu Tiến,Quỳ Châu
469890,469890 - Châu Hoàn,4641,Bưu điện xã Châu Tiến,Quỳ Châu
469910,469910 - Diên Lãm,4641,Bưu điện xã Châu Tiến,Quỳ Châu
469700,469700 - Quỳ Châu,4747,Bưu điện xã Quỳ Châu,Quỳ Châu
469710,469710 - Đò Ham,4747,Bưu điện xã Quỳ Châu,Quỳ Châu
469730,469730 - Châu Nga,4747,Bưu điện xã Quỳ Châu,Quỳ Châu
469711,469711 - Châu Hôị,4747,Bưu điện xã Quỳ Châu,Quỳ Châu
469750,469750 - Châu Hạnh,4747,Bưu điện xã Quỳ Châu,Quỳ Châu
469930,469930 - Châu Bình,4747,Bưu điện xã Quỳ Châu,Quỳ Châu
469931,469931 - Châu Bình,4747,Bưu điện xã Quỳ Châu,Quỳ Châu
469022,469022 - VP BĐH Quỳ Hợp,4690,BCVH Quỳ Hợp,Quỳ Hợp
469025,469025 - BC KHL Quỳ Hợp,4690,BCVH Quỳ Hợp,Quỳ Hợp
469050,469050 - BCP Quỳ Hợp,4690,BCVH Quỳ Hợp,Quỳ Hợp
469239,469239 - Châu Tiến,4657,Bưu điện xã Mường Chọng,Quỳ Hợp
469250,469250 - Châu Hồng,4657,Bưu điện xã Mường Chọng,Quỳ Hợp
469268,469268 - Châu Thành,4657,Bưu điện xã Mường Chọng,Quỳ Hợp
469280,469280 - Châu Cường,4657,Bưu điện xã Mường Chọng,Quỳ Hợp
469300,469300 - Châu Thái,4657,Bưu điện xã Mường Chọng,Quỳ Hợp
469327,469327 - Nam Sơn,4657,Bưu điện xã Mường Chọng,Quỳ Hợp
469330,469330 - Châu Lý,4657,Bưu điện xã Mường Chọng,Quỳ Hợp
469367,469367 - Bắc Sơn,4657,Bưu điện xã Mường Chọng,Quỳ Hợp
469000,469000 - Quỳ Hợp,4616,Bưu điện xã Quỳ Hợp,Quỳ Hợp
469040,469040 - Thọ Hợp,4616,Bưu điện xã Quỳ Hợp,Quỳ Hợp
469120,469120 - Châu Lộc,4616,Bưu điện xã Quỳ Hợp,Quỳ Hợp
469171,469171 - Châu Quang,4616,Bưu điện xã Quỳ Hợp,Quỳ Hợp
469226,469226 - Liên Hợp,4616,Bưu điện xã Quỳ Hợp,Quỳ Hợp
469370,469370 - Châu Đình,4616,Bưu điện xã Quỳ Hợp,Quỳ Hợp
469400,469400 - Văn Lợi A,4616,Bưu điện xã Quỳ Hợp,Quỳ Hợp
469411,469411 - Văn Lợi B,4616,Bưu điện xã Quỳ Hợp,Quỳ Hợp
469430,469430 - Minh Hợp,4616,Bưu điện xã Quỳ Hợp,Quỳ Hợp
469521,469521 - Hạ Sơn,4616,Bưu điện xã Quỳ Hợp,Quỳ Hợp
469060,469060 - Tam Hợp,4617,Bưu điện xã Tam Hợp,Quỳ Hợp
469090,469090 - Đồng Hợp,4617,Bưu điện xã Tam Hợp,Quỳ Hợp
469140,469140 - Yên Hợp,4617,Bưu điện xã Tam Hợp,Quỳ Hợp
469170,469170 - Đồng Nại,4617,Bưu điện xã Tam Hợp,Quỳ Hợp
469470,469470 - Quán Dinh,4617,Bưu điện xã Tam Hợp,Quỳ Hợp
469471,469471 - Nghĩa Xuân,4617,Bưu điện xã Tam Hợp,Quỳ Hợp
4792_V,4792_VP - Văn phòng Bưu điện Hoàng Mai,4792,BCVH Hoàng Mai,Quỳnh Lưu
479230,479230 - BC KHL TX  Hoàng Mai,4792,BCVH Hoàng Mai,Quỳnh Lưu
465240,465240 - Hoàng Mai,4737,Bưu điện Phường Hoàng Mai,Quỳnh Lưu
465250,465250 - Kcn Hoàng Mai,4737,Bưu điện Phường Hoàng Mai,Quỳnh Lưu
465260,465260 - Quỳnh Vinh,4737,Bưu điện Phường Hoàng Mai,Quỳnh Lưu
465300,465300 - Quỳnh Trang,4737,Bưu điện Phường Hoàng Mai,Quỳnh Lưu
465000,465000 - Quỳnh Liên,4640,Bưu điện Phường Quỳnh Mai,Quỳnh Lưu
465020,465020 - Quỳnh Phương,4640,Bưu điện Phường Quỳnh Mai,Quỳnh Lưu
465160,465160 - Quỳnh Xuân,4640,Bưu điện Phường Quỳnh Mai,Quỳnh Lưu
465190,465190 - Mai Hùng,4640,Bưu điện Phường Quỳnh Mai,Quỳnh Lưu
465725,465725 - Quỳnh Xuân,4640,Bưu điện Phường Quỳnh Mai,Quỳnh Lưu
465040,465040 - Quỳnh Lộc,4639,Bưu điện Phường Tân Mai,Quỳnh Lưu
465060,465060 - Quỳnh Lập,4639,Bưu điện Phường Tân Mai,Quỳnh Lưu
465220,465220 - Quỳnh Dị,4639,Bưu điện Phường Tân Mai,Quỳnh Lưu
479200,479200 - TX Hoàng Mai,4639,Bưu điện Phường Tân Mai,Quỳnh Lưu
4649_V,4649_VP - Văn phòng Bưu điện Quỳnh Lưu,4649,BCVH Quỳnh Lưu,Quỳnh Lưu
464911,464911 - VP BĐH Quỳnh Lưu,4649,BCVH Quỳnh Lưu,Quỳnh Lưu
464915,464915 - BC KHL Quỳnh Lưu,4649,BCVH Quỳnh Lưu,Quỳnh Lưu
464920,464920 - Quỳnh Đôi,4659,Bưu điện xã Quỳnh Anh,Quỳnh Lưu
464940,464940 - Quỳnh Thanh,4659,Bưu điện xã Quỳnh Anh,Quỳnh Lưu
464970,464970 - Quỳnh Bảng,4659,Bưu điện xã Quỳnh Anh,Quỳnh Lưu
465800,465800 - Qùynh Yên,4659,Bưu điện xã Quỳnh Anh,Quỳnh Lưu
465840,465840 - Quỳnh Minh,4659,Bưu điện xã Quỳnh Anh,Quỳnh Lưu
465860,465860 - Quỳnh Lương,4659,Bưu điện xã Quỳnh Anh,Quỳnh Lưu
464900,464900 - Quỳnh Lưu,4658,Bưu điện xã Quỳnh lưu,Quỳnh Lưu
465080,465080 - Quỳnh Hậu,4658,Bưu điện xã Quỳnh lưu,Quỳnh Lưu
465370,465370 - Quỳnh Hồng,4658,Bưu điện xã Quỳnh lưu,Quỳnh Lưu
465530,465530 - Quỳnh Giang,4658,Bưu điện xã Quỳnh lưu,Quỳnh Lưu
465590,465590 - Quỳnh Hưng,4658,Bưu điện xã Quỳnh lưu,Quỳnh Lưu
465610,465610 - Quỳnh Diện,4658,Bưu điện xã Quỳnh lưu,Quỳnh Lưu
465630,465630 - Quỳnh Bá,4658,Bưu điện xã Quỳnh lưu,Quỳnh Lưu
465650,465650 - Quỳnh Ngọc,4658,Bưu điện xã Quỳnh lưu,Quỳnh Lưu
465670,465670 - Chợ Ngò,4660,Bưu điện xã Quỳnh Phú,Quỳnh Lưu
465671,465671 - Sơn Hải,4660,Bưu điện xã Quỳnh Phú,Quỳnh Lưu
465700,465700 - Quỳnh Thọ,4660,Bưu điện xã Quỳnh Phú,Quỳnh Lưu
465710,465710 - An Hòa,4660,Bưu điện xã Quỳnh Phú,Quỳnh Lưu
465740,465740 - VHX Quỳnh Thuận,4660,Bưu điện xã Quỳnh Phú,Quỳnh Lưu
465760,465760 - Quỳnh Thuận,4660,Bưu điện xã Quỳnh Phú,Quỳnh Lưu
465763,465763 - Quỳnh Long,4660,Bưu điện xã Quỳnh Phú,Quỳnh Lưu
465780,465780 - Tiến Thủy,4660,Bưu điện xã Quỳnh Phú,Quỳnh Lưu
465820,465820 - Quỳnh Nghĩa,4660,Bưu điện xã Quỳnh Phú,Quỳnh Lưu
465380,465380 - Qùynh Hoa,4623,Bưu điện xã Quỳnh Sơn,Quỳnh Lưu
465450,465450 - Quỳnh Mỹ,4623,Bưu điện xã Quỳnh Sơn,Quỳnh Lưu
465470,465470 - Ngọc Sơn,4623,Bưu điện xã Quỳnh Sơn,Quỳnh Lưu
465531,465531 - Quỳnh Lâm,4623,Bưu điện xã Quỳnh Sơn,Quỳnh Lưu
465420,465420 - Chợ Tuần,4622,Bưu điện xã Quỳnh Tam,Quỳnh Lưu
465490,465490 - Quỳnh Tam,4622,Bưu điện xã Quỳnh Tam,Quỳnh Lưu
465510,465510 - Tân Sơn,4622,Bưu điện xã Quỳnh Tam,Quỳnh Lưu
465330,465330 - Quỳnh Thắng,4735,Bưu điện xã Quỳnh Thắng,Quỳnh Lưu
465880,465880 - Tân Thắng,4735,Bưu điện xã Quỳnh Thắng,Quỳnh Lưu
465100,465100 - Thạch Văn,4621,Bưu điện xã Quỳnh Văn,Quỳnh Lưu
465101,465101 - Quỳnh Thạch,4621,Bưu điện xã Quỳnh Văn,Quỳnh Lưu
465130,465130 - Quỳnh Văn,4621,Bưu điện xã Quỳnh Văn,Quỳnh Lưu
465400,465400 - Quỳnh Tân,4621,Bưu điện xã Quỳnh Văn,Quỳnh Lưu
464930,BCP Quỳnh Lưu,4649,BCVH Quỳnh Lưu,Quỳnh Lưu
468412,468412 - VP BĐH Tân Kỳ,4684,BCVH Tân Kỳ,Tân Kỳ
468415,468415 - KHL Tân Kỳ,4684,BCVH Tân Kỳ,Tân Kỳ
468620,468620 - Giai Xuân,4629,Bưu điện xã Giai Xuân,Tân Kỳ
468630,468630 - Tân Hợp,4629,Bưu điện xã Giai Xuân,Tân Kỳ
468460,468460 - Nghĩa Hợp,4628,Bưu điện xã Nghĩa Đồng,Tân Kỳ
468480,468480 - Nghĩa Đồng,4628,Bưu điện xã Nghĩa Đồng,Tân Kỳ
468500,468500 - Nghĩa Bình,4628,Bưu điện xã Nghĩa Đồng,Tân Kỳ
468461,468461 - VHX Nghĩa Hợp,4628,Bưu điện xã Nghĩa Đồng,Tân Kỳ
468770,468770 - Phú Sơn,4630,Bưu điện xã Nghĩa Hành,Tân Kỳ
468790,468790 - Nghĩa Hành,4630,Bưu điện xã Nghĩa Hành,Tân Kỳ
468889,468889 - Tân Hương,4630,Bưu điện xã Nghĩa Hành,Tân Kỳ
468820,468820 - Tân An,4627,Bưu điện xã Tân An,Tân Kỳ
468650,468650 - VHX Tân An,4627,Bưu điện xã Tân An,Tân Kỳ
468680,468680 - Nghiã Phúc,4627,Bưu điện xã Tân An,Tân Kỳ
468730,468730 - Hương Sơn,4627,Bưu điện xã Tân An,Tân Kỳ
468419,468419 - BC Cấp 3 Lạt,4625,Bưu điện xã Tân Kỳ,Tân Kỳ
468400,468400 - Tân Kỳ,4625,Bưu điện xã Tân Kỳ,Tân Kỳ
468401,468401 - Tân Kỳ,4625,Bưu điện xã Tân Kỳ,Tân Kỳ
468420,468420 - Kỳ Tân,4625,Bưu điện xã Tân Kỳ,Tân Kỳ
468440,468440 - Nghĩa Dũng,4625,Bưu điện xã Tân Kỳ,Tân Kỳ
468830,468830 - Kỳ Sơn,4625,Bưu điện xã Tân Kỳ,Tân Kỳ
468831,468831 - Câù Trôi,4625,Bưu điện xã Tân Kỳ,Tân Kỳ
468520,468520 - Nghĩa Thái,4736,Bưu điện xã Tân Phú,Tân Kỳ
468540,468540 - Tân Phú,4736,Bưu điện xã Tân Phú,Tân Kỳ
468541,468541 - Tân Phú,4736,Bưu điện xã Tân Phú,Tân Kỳ
468560,468560 - Tân Long,4736,Bưu điện xã Tân Phú,Tân Kỳ
468580,468580 - Nghĩa Hoàn,4736,Bưu điện xã Tân Phú,Tân Kỳ
468600,468600 - Tân Xuân,4736,Bưu điện xã Tân Phú,Tân Kỳ
468710,468710 - Đồng Văn,4661,Bưu điện xã Tiên Đồng,Tân Kỳ
468750,468750 - Tiên Kỳ,4661,Bưu điện xã Tiên Đồng,Tân Kỳ
468570, - BCP Tân Kỳ,4684,BCVH Tân Kỳ,Tân Kỳ
4674_V,4674_VP - Văn phòng Bưu điện Nghĩa Đàn,4674,BCVH Nghĩa Đàn,Thái Hòa
467416,467416 - BC KHL Nghĩa Đàn,4674,BCVH Nghĩa Đàn,Thái Hòa
467417,467417 - VP BĐH Nghĩa Đàn,4674,BCVH Nghĩa Đàn,Thái Hòa
467420,467420 - Nghĩa Trung (tạm dừng),4602,Bưu điện xã Nghĩa Đàn,Thái Hòa
467540,467540 - Bưu Cục 1/5,4602,Bưu điện xã Nghĩa Đàn,Thái Hòa
467541,467541 - Nghĩa Đàn,4602,Bưu điện xã Nghĩa Đàn,Thái Hòa
467550,467550 - Nghĩa Bình,4602,Bưu điện xã Nghĩa Đàn,Thái Hòa
468200,468200 - NGHĨA ĐÀN,4602,Bưu điện xã Nghĩa Đàn,Thái Hòa
467930,BC Nghĩa Hiếu,4606,Bưu điện xã Nghĩa Hưng,Thái Hòa
467750,467750 - Nghĩa Thịnh,4606,Bưu điện xã Nghĩa Hưng,Thái Hòa
467770,467770 - Nghĩa Hưng,4606,Bưu điện xã Nghĩa Hưng,Thái Hòa
467830,467830 - Nghĩa Thắng,4606,Bưu điện xã Nghĩa Hưng,Thái Hòa
467850,467850 - Nghĩa Tân,4606,Bưu điện xã Nghĩa Hưng,Thái Hòa
467860,467860 - Nghĩa Liên,4606,Bưu điện xã Nghĩa Hưng,Thái Hòa
467920,467920 - Nghĩa Hiếu,4606,Bưu điện xã Nghĩa Hưng,Thái Hòa
467970,467970 - Nghĩa An,4607,Bưu điện xã Nghĩa Khánh,Thái Hòa
467990,467990 - Nghĩa Đức,4607,Bưu điện xã Nghĩa Khánh,Thái Hòa
468010,468010 - Nghĩa Khánh,4607,Bưu điện xã Nghĩa Khánh,Thái Hòa
467570,467570 - Nghĩa Lạc,4604,Bưu điện xã Nghĩa Lâm,Thái Hòa
467600,467600 - Nghĩa Lâm,4604,Bưu điện xã Nghĩa Lâm,Thái Hòa
467641,467641 - Nghĩa Sơn,4604,Bưu điện xã Nghĩa Lâm,Thái Hòa
467650,467650 - Nghĩa Yên,4604,Bưu điện xã Nghĩa Lâm,Thái Hòa
468070,468070 - Nghĩa Long,4608,Bưu điện xã Nghĩa Lộc,Thái Hòa
468090,468090 - Nghĩa Lộc,4608,Bưu điện xã Nghĩa Lộc,Thái Hòa
467720,467720 - Nghĩa Hồng,4605,Bưu điện xã Nghĩa Mai,Thái Hòa
467580,467580 - Nghĩa Minh,4605,Bưu điện xã Nghĩa Mai,Thái Hòa
467680,467680 - Nghĩa Mai,4605,Bưu điện xã Nghĩa Mai,Thái Hòa
467460,467460 - Nghĩa Hội,4603,Bưu điện xã Nghĩa Thọ,Thái Hòa
467490,467490 - Nghĩa Thọ,4603,Bưu điện xã Nghĩa Thọ,Thái Hòa
467500,467500 - Nghĩa Phú,4603,Bưu điện xã Nghĩa Thọ,Thái Hòa
467520,467520 - Nghĩa Lợi,4603,Bưu điện xã Nghĩa Thọ,Thái Hòa
4772_V,4772_VP - Văn phòng Bưu điện Thái Hoà,4772,BCVH Thái Hoà,Thái Hòa
477245,477245 - KHL TX Thái Hòa,4772,BCVH Thái Hoà,Thái Hòa
477430,477430 - TX Thái Hòa,4772,BCVH Thái Hoà,Thái Hòa
477460,477460 - BCP TX Thái Hòa,4772,BCVH Thái Hoà,Thái Hòa
467800,467800 - Nghĩa Quang 1,4716,Bưu điện Phường Tây Hiếu,Thái Hòa
467880,467880 - Tây Hiếu,4716,Bưu điện Phường Tây Hiếu,Thái Hòa
467900,467900 - Nghĩa Tiến,4716,Bưu điện Phường Tây Hiếu,Thái Hòa
467401,467401 - Thái Hòa,4643,Bưu điện Phường Thái Hòa,Thái Hòa
467801,467801 - Nghĩa Quang 2,4643,Bưu điện Phường Thái Hòa,Thái Hòa
467940,467940 - Nghĩa Hòa,4643,Bưu điện Phường Thái Hòa,Thái Hòa
477400,477400 - TX Thái Hòa,4643,Bưu điện Phường Thái Hòa,Thái Hòa
468040,468040 - Đông Hiếu,4717,Bưu điện xã Đông Hiếu,Thái Hòa
468130,468130 - Nghĩa Mỹ,4717,Bưu điện xã Đông Hiếu,Thái Hòa
468160,468160 - Chợ Mới,4717,Bưu điện xã Đông Hiếu,Thái Hòa
468162,468162 - Nghĩa Thuận,4717,Bưu điện xã Đông Hiếu,Thái Hòa
475713,475713 - BC KHL Thanh Chương,4757,BCVH Thanh Chương,Thanh Chương
475714,475714 - VP BĐH Thanh Chương,4757,BCVH Thanh Chương,Thanh Chương
475790,475790 - BCP Thanh Chương,4757,BCVH Thanh Chương,Thanh Chương
476300,476300 - Thanh Tùng,4648,Bưu điện xã Bích Hào,Thanh Chương
476320,476320 - Thanh Mai,4648,Bưu điện xã Bích Hào,Thanh Chương
476380,476380 - Thanh Xuân,4648,Bưu điện xã Bích Hào,Thanh Chương
476410,476410 - Phuống,4648,Bưu điện xã Bích Hào,Thanh Chương
476411,476411 - Thanh Giang,4648,Bưu điện xã Bích Hào,Thanh Chương
476430,476430 - Thanh Lâm,4648,Bưu điện xã Bích Hào,Thanh Chương
475890,475890 - Chợ Chùa,4644,Bưu điện xã Cát Ngạn,Thanh Chương
475891,475891 - Phong Thịnh,4644,Bưu điện xã Cát Ngạn,Thanh Chương
475920,475920 - Cát Văn,4644,Bưu điện xã Cát Ngạn,Thanh Chương
475940,475940 - Thanh Hòa,4644,Bưu điện xã Cát Ngạn,Thanh Chương
475960,475960 - Thanh Nho,4644,Bưu điện xã Cát Ngạn,Thanh Chương
475700,475700 - Thanh Chương,4720,Bưu điện xã Đại Đồng,Thanh Chương
475701,475701 - Dùng,4720,Bưu điện xã Đại Đồng,Thanh Chương
475720,475720 - Thanh Ngọc,4720,Bưu điện xã Đại Đồng,Thanh Chương
475750,475750 - Thanh Đồng,4720,Bưu điện xã Đại Đồng,Thanh Chương
475770,475770 - Thanh Phong,4720,Bưu điện xã Đại Đồng,Thanh Chương
475800,475800 - Đại Đồng,4720,Bưu điện xã Đại Đồng,Thanh Chương
475801,475801 - Thanh Tường,4720,Bưu điện xã Đại Đồng,Thanh Chương
475820,475820 - Chợ Rạng,4720,Bưu điện xã Đại Đồng,Thanh Chương
475821,475821 - Thanh Hưng,4720,Bưu điện xã Đại Đồng,Thanh Chương
475840,475840 - Thanh Văn,4720,Bưu điện xã Đại Đồng,Thanh Chương
476060,476060 - Thanh Lĩnh,4720,Bưu điện xã Đại Đồng,Thanh Chương
476220,476220 - Đồng Văn,4720,Bưu điện xã Đại Đồng,Thanh Chương
476030,476030 - Hạnh Lâm,4718,Bưu điện xã Hạnh Lâm,Thanh Chương
476040,476040 - Hạnh Lâm,4718,Bưu điện xã Hạnh Lâm,Thanh Chương
476600,476600 - Thanh Đức,4718,Bưu điện xã Hạnh Lâm,Thanh Chương
476655,476655 - Ngọc Lâm,4718,Bưu điện xã Hạnh Lâm,Thanh Chương
476667,476667 - Thanh Sơn,4718,Bưu điện xã Hạnh Lâm,Thanh Chương
476080,476080 - Thanh Hương,4647,Bưu điện xã Hoa Quân,Thanh Chương
476100,476100 - Ba Bến,4647,Bưu điện xã Hoa Quân,Thanh Chương
476101,476101 - Thanh Thịnh,4647,Bưu điện xã Hoa Quân,Thanh Chương
476120,476120 - Thanh An,4647,Bưu điện xã Hoa Quân,Thanh Chương
476170,476170 - Thanh Khê,4647,Bưu điện xã Hoa Quân,Thanh Chương
476240,476240 - Thanh Chi,4647,Bưu điện xã Hoa Quân,Thanh Chương
476150,476150 - Thanh Thủy,4719,Bưu điện xã Kim Bảng,Thanh Chương
476190,476190 - Thanh Hà,4719,Bưu điện xã Kim Bảng,Thanh Chương
476270,476270 - Chợ Rộ,4719,Bưu điện xã Kim Bảng,Thanh Chương
476271,476271 - Võ Liệt,4719,Bưu điện xã Kim Bảng,Thanh Chương
476350,476350 - Thanh Long,4719,Bưu điện xã Kim Bảng,Thanh Chương
475860,475860 - Chợ Giăng,4645,Bưu điện xã Tam Đồng,Thanh Chương
475861,475861 - Thanh Tiên,4645,Bưu điện xã Tam Đồng,Thanh Chương
475980,475980 - Thanh Liên,4645,Bưu điện xã Tam Đồng,Thanh Chương
476010,476010 - Thanh Mỹ,4645,Bưu điện xã Tam Đồng,Thanh Chương
476470,476470 - Nguyệt Bổng,4739,Bưu điện xã Xuân Lâm,Thanh Chương
476471,476471 - Ngọc Sơn,4739,Bưu điện xã Xuân Lâm,Thanh Chương
476500,476500 - Xuân Tường,4739,Bưu điện xã Xuân Lâm,Thanh Chương
476520,476520 - Chợ Cồn,4739,Bưu điện xã Xuân Lâm,Thanh Chương
476521,476521 - Thanh Dương,4739,Bưu điện xã Xuân Lâm,Thanh Chương
476540,476540 - Thanh Lương,4739,Bưu điện xã Xuân Lâm,Thanh Chương
476560,476560 - Thanh Yên,4739,Bưu điện xã Xuân Lâm,Thanh Chương
476580,476580 - Rào Gang,4739,Bưu điện xã Xuân Lâm,Thanh Chương
476581,476581 - Thanh Khai,4739,Bưu điện xã Xuân Lâm,Thanh Chương
4733_V,4733_VP - Văn phòng Bưu điện Tương Dương,4733,BCVH Tương Dương,Tương Dương
473307,473307 - VP BĐH Tương Dương,4733,BCVH Tương Dương,Tương Dương
473308,473308 - KHL Tương Dương,4733,BCVH Tương Dương,Tương Dương
473590,473590 - Cánh Tráp,4721,Bưu điện xã Tam Quang,Tương Dương
473591,473591 - Tam Thái,4721,Bưu điện xã Tam Quang,Tương Dương
473616,473616 - Tam Hợp,4721,Bưu điện xã Tam Quang,Tương Dương
473620,473620 - Tam Đình,4721,Bưu điện xã Tam Quang,Tương Dương
473640,473640 - Khe Bố,4721,Bưu điện xã Tam Quang,Tương Dương
473641,473641 - Tam Quang,4721,Bưu điện xã Tam Quang,Tương Dương
473300,473300 - Tương Dương,4723,Bưu điện xã Tương Dương,Tương Dương
473310,473310 - Thạch Giám,4723,Bưu điện xã Tương Dương,Tương Dương
473548,473548 - Lượng Minh,4723,Bưu điện xã Tương Dương,Tương Dương
473560,473560 - Xá Lượng,4723,Bưu điện xã Tương Dương,Tương Dương
473585,473585 - Lưu Kiền,4723,Bưu điện xã Tương Dương,Tương Dương
473338,473338 - Yên Thắng,4726,Bưu điện xã Yên Hòa,Tương Dương
473362,473362 - Yên Hoà,4726,Bưu điện xã Yên Hòa,Tương Dương
473384,473384 - Nga My,4726,Bưu điện xã Yên Hòa,Tương Dương
473398,473398 - Yên Tĩnh,4726,Bưu điện xã Yên Hòa,Tương Dương
473420,473420 - Yên Na,4726,Bưu điện xã Yên Hòa,Tương Dương
473666,473666 - Xiêng My,4726,Bưu điện xã Yên Hòa,Tương Dương
473340,BCP Tương Dương,4733,BCVH Tương Dương,Tương Dương
460900,460900 - Hệ 1 Nghệ An,4610,BCVH Vinh,Vinh
461004,461004 - BC KHL Phía Đông,4610,BCVH Vinh,Vinh
461091,461091 - BC KHL Phía Nam,4610,BCVH Vinh,Vinh
461773,461773 - Sở Địa Chí́nh,4610,BCVH Vinh,Vinh
461961,461961 - Pccc,4610,BCVH Vinh,Vinh
477778,477778 - VP BĐTP Vinh,4610,BCVH Vinh,Vinh
477923,477923 - BCP Vinh 1,4610,BCVH Vinh,Vinh
477924,477924 - BCP Vinh 2,4610,BCVH Vinh,Vinh
478168,478168 - BC KHL Phía Bắc,4610,BCVH Vinh,Vinh
478169,478169 - BC KHL Phía Tây,4610,BCVH Vinh,Vinh
478675,478675 - KHL Đông Bắc,4610,BCVH Vinh,Vinh
478685,478685 - KHL Tây Nam ,4610,BCVH Vinh,Vinh
478960,478960 - BCP phía Đông,4610,BCVH Vinh,Vinh
4624_V,4624_VP - Văn phòng Bưu điện Cửa Lò,4610,BCVH Vinh,Vinh
462410,462410 - Lan Châu,4610,BCVH Vinh,Vinh
462553,462553 - VP BĐTX Cửa Lò,4610,BCVH Vinh,Vinh
462556,462556 - KHL TX Cửa Lò,4610,BCVH Vinh,Vinh
462560,462560 - BCP Cửa Lò,4610,BCVH Vinh,Vinh
462400,462400 - Cửa Lò,4636,Bưu điện Phường Cửa Lò,Vinh
462401,462401 - Nghi Thủy,4636,Bưu điện Phường Cửa Lò,Vinh
462420,462420 - Cảng,4636,Bưu điện Phường Cửa Lò,Vinh
462440,462440 - Chợ Sơn,4636,Bưu điện Phường Cửa Lò,Vinh
462441,462441 - Nghi Thu,4636,Bưu điện Phường Cửa Lò,Vinh
462490,462490 - Nghi Hương,4636,Bưu điện Phường Cửa Lò,Vinh
462520,462520 - Nghi Hòa,4636,Bưu điện Phường Cửa Lò,Vinh
462540,462540 - Hải Hòa,4636,Bưu điện Phường Cửa Lò,Vinh
460000,460000 - Vinh,4632,Bưu điện Phường Thành Vinh,Vinh
461579,461579 - HCC Nghệ An,4632,Bưu điện Phường Thành Vinh,Vinh
461590,461590 - Cửa Bắc,4632,Bưu điện Phường Thành Vinh,Vinh
461610,461610 - Chợ Ga,4632,Bưu điện Phường Thành Vinh,Vinh
461850,461850 - Đội Cung,4632,Bưu điện Phường Thành Vinh,Vinh
461880,461880 - Đông Vĩnh,4632,Bưu điện Phường Thành Vinh,Vinh
461881,461881 - Đông Vịnh,4632,Bưu điện Phường Thành Vinh,Vinh
461910,461910 - Cửa Nam,4632,Bưu điện Phường Thành Vinh,Vinh
474700,474700 - Hưng Chính,4632,Bưu điện Phường Thành Vinh,Vinh
461090,461090 - Bến Thủy,4631,Bưu điện Phường Trường Vinh,Vinh
461140,461140 - Đường 3-2,4631,Bưu điện Phường Trường Vinh,Vinh
461150,461150 - Hưng Dũng,4631,Bưu điện Phường Trường Vinh,Vinh
461230,461230 - Hưng Hòa,4631,Bưu điện Phường Trường Vinh,Vinh
462030,462030 - Phượng Hoàng,4631,Bưu điện Phường Trường Vinh,Vinh
461600,461600 - Quán Bàu,4633,Bưu điện Phường Vinh Hưng,Vinh
461660,461660 - Hưng Đông,4633,Bưu điện Phường Vinh Hưng,Vinh
461680,461680 - KCN Bắc Vinh,4633,Bưu điện Phường Vinh Hưng,Vinh
463300,463300 - Nghi Liên,4633,Bưu điện Phường Vinh Hưng,Vinh
463301,463301 - Nghi Liên,4633,Bưu điện Phường Vinh Hưng,Vinh
463330,463330 - Nghi Kim,4633,Bưu điện Phường Vinh Hưng,Vinh
461250,461250 - Hưng Lộc,4635,Bưu điện Phường Vinh Lộc,Vinh
461252,461252 - Chợ Cọi,4635,Bưu điện Phường Vinh Lộc,Vinh
463410,463410 - Nghi Phong,4635,Bưu điện Phường Vinh Lộc,Vinh
463450,463450 - Nghi Thái,4635,Bưu điện Phường Vinh Lộc,Vinh
463451,463451 - Nghi Thái,4635,Bưu điện Phường Vinh Lộc,Vinh
463470,463470 - Phúc Thọ,4635,Bưu điện Phường Vinh Lộc,Vinh
463500,463500 - Cửa Hội,4635,Bưu điện Phường Vinh Lộc,Vinh
461540,461540 - Quán Bánh,4634,Bưu điện Phường Vinh Phú,Vinh
461541,461541 - Nghi Phú,4634,Bưu điện Phường Vinh Phú,Vinh
463360,463360 - Nghi Ân,4634,Bưu điện Phường Vinh Phú,Vinh
463390,463390 - Nghi Đức,4634,Bưu điện Phường Vinh Phú,Vinh
4662_V,4662_VP - Văn phòng Bưu điện Yên Thành,4662,BCVH Yên Thành,Yên Thành
466204,466204 - BC KHL Yên Thành,4662,BCVH Yên Thành,Yên Thành
466205,466205 - VP BĐH Yên Thành,4662,BCVH Yên Thành,Yên Thành
466270,466270 - BCP Yên Thành,4662,BCVH Yên Thành,Yên Thành
466350,466350 - Đức Thành,4668,Bưu điện xã Bình Minh,Yên Thành
466380,466380 - Tân Thành,4668,Bưu điện xã Bình Minh,Yên Thành
466510,466510 - Mã Thành,4668,Bưu điện xã Bình Minh,Yên Thành
467161,467161 - xã Tiến Thành,4668,Bưu điện xã Bình Minh,Yên Thành
466250,466250 - Phú Thành,4669,Bưu điện xã Đông Thành,Yên Thành
466280,466280 - Hồng Thành,4669,Bưu điện xã Đông Thành,Yên Thành
466300,466300 - Thọ Thành,4669,Bưu điện xã Đông Thành,Yên Thành
466320,466320 - Đô Thành,4669,Bưu điện xã Đông Thành,Yên Thành
466430,466430 - Phúc Thành,4667,Bưu điện xã Giai Lạc,Yên Thành
466470,466470 - Hậu Thành,4667,Bưu điện xã Giai Lạc,Yên Thành
466471,466471 - Hùng Thành,4667,Bưu điện xã Giai Lạc,Yên Thành
466640,466640 - Lăng Thành,4667,Bưu điện xã Giai Lạc,Yên Thành
466940,466940 - Long Thành,4664,Bưu điện xã Hợp Minh,Yên Thành
466990,466990 - Bảo Nham,4664,Bưu điện xã Hợp Minh,Yên Thành
466991,466991 - Bảo Thành,4664,Bưu điện xã Hợp Minh,Yên Thành
467020,467020 - Sơn Thành,4664,Bưu điện xã Hợp Minh,Yên Thành
467050,467050 - Viên Thành,4664,Bưu điện xã Hợp Minh,Yên Thành
467070,467070 - Vĩnh Thành,4664,Bưu điện xã Hợp Minh,Yên Thành
466660,466660 - Xuân Thành,4663,Bưu điện xã Quan Thành,Yên Thành
466730,466730 - Bắc Thành,4663,Bưu điện xã Quan Thành,Yên Thành
466750,466750 - Trung Thành,4663,Bưu điện xã Quan Thành,Yên Thành
466751,466751 - Trung Thành,4663,Bưu điện xã Quan Thành,Yên Thành
466790,466790 - Nam Thành,4663,Bưu điện xã Quan Thành,Yên Thành
466570,466570 - Kim Thành,4666,Bưu điện xã Quang Đồng,Yên Thành
466590,466590 - Quang Thành,4666,Bưu điện xã Quang Đồng,Yên Thành
466680,466680 - Đồng Thành,4666,Bưu điện xã Quang Đồng,Yên Thành
466610,466610 - Tây Thành,4665,Bưu điện xã Vân Du,Yên Thành
466611,466611 - VHX Tây Thành,4665,Bưu điện xã Vân Du,Yên Thành
466700,466700 - Thịnh Thành,4665,Bưu điện xã Vân Du,Yên Thành
466770,466770 - Minh Thành,4665,Bưu điện xã Vân Du,Yên Thành
466830,466830 - Đại Thành,4665,Bưu điện xã Vân Du,Yên Thành
466810,466810 - Lý Thành,4637,Bưu điện xã Vân Tụ,Yên Thành
466850,466850 - Vân Tụ,4637,Bưu điện xã Vân Tụ,Yên Thành
466851,466851 - Liên Thành,4637,Bưu điện xã Vân Tụ,Yên Thành
466870,466870 - Mỹ Thành,4637,Bưu điện xã Vân Tụ,Yên Thành
466900,466900 - Công Thành,4637,Bưu điện xã Vân Tụ,Yên Thành
466901,466901 - Công Thành,4637,Bưu điện xã Vân Tụ,Yên Thành
466970,466970 - Khánh Thành,4637,Bưu điện xã Vân Tụ,Yên Thành
466200,466200 - Yên Thành ,4740,Bưu điện xã Yên Thành,Yên Thành
466201,466201 - Thị Trấn,4740,Bưu điện xã Yên Thành,Yên Thành
466210,466210 - Hoa Thành,4740,Bưu điện xã Yên Thành,Yên Thành
466230,466230 - Hợp Thành,4740,Bưu điện xã Yên Thành,Yên Thành
466231,466231 - Hợp Thành,4740,Bưu điện xã Yên Thành,Yên Thành
466410,466410 - Văn Thành,4740,Bưu điện xã Yên Thành,Yên Thành
466641,466641 - Tăng Thành,4740,Bưu điện xã Yên Thành,Yên Thành
467100,467100 - Nhân Thành,4740,Bưu điện xã Yên Thành,Yên Thành
